<?xml version="1.0" encoding="UTF-8"?>
<Patch>
   <Operation Class="PatchOperationFindMod">
      <mods>
         <li>Impact Weaponry</li>
      </mods>
      <match Class="PatchOperationSequence">
         <operations>
		 	<!-- === Tools === -->
            <li Class="PatchOperationReplace">
               <xpath>Defs/ThingDef[
              defName = "DV_ImpactRifle" or
              defName = "DV_ImpactStubber"]/tools</xpath>
               <value>
                  <tools>
                     <li Class="CombatExtended.ToolCE">
                        <label>grip</label>
                        <capacities>
                           <li>Blunt</li>
                        </capacities>
                        <power>2</power>
                        <cooldownTime>1.54</cooldownTime>
                        <chanceFactor>1.5</chanceFactor>
                        <armorPenetrationBlunt>0.555</armorPenetrationBlunt>
                        <linkedBodyPartsGroup>Grip</linkedBodyPartsGroup>
                     </li>
                     <li Class="CombatExtended.ToolCE">
                        <label>muzzle</label>
                        <capacities>
                           <li>Poke</li>
                        </capacities>
                        <power>2</power>
                        <cooldownTime>1.54</cooldownTime>
                        <armorPenetrationBlunt>0.555</armorPenetrationBlunt>
                        <linkedBodyPartsGroup>Muzzle</linkedBodyPartsGroup>
                     </li>
                  </tools>
               </value>
            </li>
            <li Class="PatchOperationReplace">
               <xpath>/Defs/ThingDef[
					defName = "DV_ImpactCannon" or
					defName = "DV_ImpactSlinger" or
					defName = "DV_ImpactSniper"]/tools</xpath>
               <value>
                  <tools>
                     <li Class="CombatExtended.ToolCE">
                        <label>stock</label>
                        <capacities>
                           <li>Blunt</li>
                        </capacities>
                        <power>12</power>
                        <cooldownTime>1.55</cooldownTime>
                        <chanceFactor>1.5</chanceFactor>
                        <armorPenetrationBlunt>2.755</armorPenetrationBlunt>
                        <linkedBodyPartsGroup>Stock</linkedBodyPartsGroup>
                     </li>
                     <li Class="CombatExtended.ToolCE">
                        <label>barrel</label>
                        <capacities>
                           <li>Blunt</li>
                        </capacities>
                        <power>5</power>
                        <cooldownTime>2.02</cooldownTime>
                        <armorPenetrationBlunt>1.630</armorPenetrationBlunt>
                        <linkedBodyPartsGroup>Barrel</linkedBodyPartsGroup>
                     </li>
                     <li Class="CombatExtended.ToolCE">
                        <label>muzzle</label>
                        <capacities>
                           <li>Poke</li>
                        </capacities>
                        <power>10</power>
                        <cooldownTime>1.55</cooldownTime>
                        <armorPenetrationBlunt>2.755</armorPenetrationBlunt>
                        <linkedBodyPartsGroup>Muzzle</linkedBodyPartsGroup>
                     </li>
                  </tools>
               </value>
            </li>
            <!-- === Bolter === -->
            <li Class="CombatExtended.PatchOperationMakeGunCECompatible">
               <defName>DV_ImpactRifle</defName>
               <statBases>
                  <SightsEfficiency>1</SightsEfficiency>
                  <ShotSpread>0.04</ShotSpread>
                  <SwayFactor>1.88</SwayFactor>
                  <Bulk>10.5</Bulk>
                  <Mass>5.2</Mass>
                  <RangedWeapon_Cooldown>0.43</RangedWeapon_Cooldown>
               </statBases>
               <Properties>
                  <recoilAmount>2.27</recoilAmount>
                  <verbClass>CombatExtended.Verb_ShootCE</verbClass>
                  <hasStandardCommand>true</hasStandardCommand>
                  <defaultProjectile>Bullet_ImpactShellsSmall</defaultProjectile>
                  <warmupTime>0.6</warmupTime>
                  <burstShotCount>5</burstShotCount>
                  <ticksBetweenBurstShots>14</ticksBetweenBurstShots>
                  <range>42</range>
                  <soundCast>Shot_ImpactRifle</soundCast>
                  <soundCastTail>GunTail_Medium</soundCastTail>
                  <muzzleFlashScale>9</muzzleFlashScale>
                  <targetParams>
                     <canTargetLocations>true</canTargetLocations>
                  </targetParams>
               </Properties>
               <AmmoUser>
                  <magazineSize>30</magazineSize>
                  <reloadTime>4</reloadTime>
                  <ammoSet>AmmoSet_ImpactShellsSmall</ammoSet>
               </AmmoUser>
               <FireModes>
                  <aimedBurstShotCount>2</aimedBurstShotCount>
                  <aiUseBurstMode>FALSE</aiUseBurstMode>
                  <aiAimMode>Snapshot</aiAimMode>
               </FireModes>
            </li>
            <!-- === Impact Stubber === -->
            <li Class="CombatExtended.PatchOperationMakeGunCECompatible">
               <defName>DV_ImpactStubber</defName>
               <statBases>
                  <SightsEfficiency>0.7</SightsEfficiency>
                  <ShotSpread>0.07</ShotSpread>
                  <SwayFactor>2.87</SwayFactor>
                  <Bulk>8.5</Bulk>
                  <Mass>4.2</Mass>
                  <RangedWeapon_Cooldown>0.58</RangedWeapon_Cooldown>
               </statBases>
               <Properties>
                  <recoilAmount>3.38</recoilAmount>
                  <verbClass>CombatExtended.Verb_ShootCE</verbClass>
                  <hasStandardCommand>true</hasStandardCommand>
                  <defaultProjectile>Bullet_ImpactShellsSmall</defaultProjectile>
                  <warmupTime>0.6</warmupTime>
                  <burstShotCount>5</burstShotCount>
                  <ticksBetweenBurstShots>14</ticksBetweenBurstShots>
                  <range>38</range>
                  <soundCast>Shot_ImpactSmall</soundCast>
                  <soundCastTail>GunTail_Medium</soundCastTail>
                  <muzzleFlashScale>6</muzzleFlashScale>
                  <targetParams>
                     <canTargetLocations>true</canTargetLocations>
                  </targetParams>
               </Properties>
               <AmmoUser>
                  <magazineSize>20</magazineSize>
                  <reloadTime>4.5</reloadTime>
                  <ammoSet>AmmoSet_ImpactShellsSmall</ammoSet>
               </AmmoUser>
               <FireModes>
                  <aimedBurstShotCount>2</aimedBurstShotCount>
                  <aiUseBurstMode>FALSE</aiUseBurstMode>
                  <aiAimMode>AimedShot</aiAimMode>
               </FireModes>
            </li>
			<!-- === Impact Cannon === -->
            <li Class="CombatExtended.PatchOperationMakeGunCECompatible">
               <defName>DV_ImpactCannon</defName>
               <statBases>
                  <SightsEfficiency>0.8</SightsEfficiency>
                  <ShotSpread>0.04</ShotSpread>
                  <SwayFactor>1.27</SwayFactor>
                  <Bulk>14.5</Bulk>
                  <Mass>6.6</Mass>
                  <RangedWeapon_Cooldown>0.68</RangedWeapon_Cooldown>
               </statBases>
               <Properties>
                  <recoilAmount>2.38</recoilAmount>
                  <verbClass>CombatExtended.Verb_ShootCE</verbClass>
                  <hasStandardCommand>true</hasStandardCommand>
                  <defaultProjectile>Bullet_ImpactShellsBig</defaultProjectile>
                  <warmupTime>1.1</warmupTime>
                  <range>45</range>
				  <burstShotCount>3</burstShotCount>
		    	  <ticksBetweenBurstShots>25</ticksBetweenBurstShots>
                  <soundCast>Shot_ImpactCannon</soundCast>
                  <soundCastTail>GunTail_Heavy</soundCastTail>
                  <muzzleFlashScale>9</muzzleFlashScale>
                  <targetParams>
                     <canTargetLocations>true</canTargetLocations>
                  </targetParams>
               </Properties>
               <AmmoUser>
                  <magazineSize>20</magazineSize>
                  <reloadTime>7.5</reloadTime>
                  <ammoSet>AmmoSet_ImpactShellsBig</ammoSet>
               </AmmoUser>
               <FireModes>
                  <aimedBurstShotCount>2</aimedBurstShotCount>
                  <aiUseBurstMode>FALSE</aiUseBurstMode>
                  <aiAimMode>AimedShot</aiAimMode>
               </FireModes>
            </li>
			<!-- === Impact Slinger === -->
            <li Class="CombatExtended.PatchOperationMakeGunCECompatible">
               <defName>DV_ImpactSlinger</defName>
               <statBases>
                  <SightsEfficiency>0.8</SightsEfficiency>
                  <ShotSpread>0.04</ShotSpread>
                  <SwayFactor>1.27</SwayFactor>
                  <Bulk>10.5</Bulk>
                  <Mass>5.7</Mass>
                  <RangedWeapon_Cooldown>0.68</RangedWeapon_Cooldown>
               </statBases>
               <Properties>
                  <recoilAmount>2.38</recoilAmount>
                  <verbClass>CombatExtended.Verb_ShootCE</verbClass>
                  <hasStandardCommand>true</hasStandardCommand>
                  <defaultProjectile>Bullet_ImpactShellsShell</defaultProjectile>
                  <warmupTime>1.1</warmupTime>
                  <range>55</range>
				  <burstShotCount>4</burstShotCount>
		    	  <ticksBetweenBurstShots>20</ticksBetweenBurstShots>
                  <soundCast>Shot_ImpactRifle</soundCast>
                  <soundCastTail>GunTail_Heavy</soundCastTail>
                  <muzzleFlashScale>9</muzzleFlashScale>
                  <targetParams>
                     <canTargetLocations>true</canTargetLocations>
                  </targetParams>
               </Properties>
               <AmmoUser>
                  <magazineSize>12</magazineSize>
                  <reloadTime>5.5</reloadTime>
                  <ammoSet>AmmoSet_ImpactShellsShell</ammoSet>
               </AmmoUser>
               <FireModes>
                  <aimedBurstShotCount>2</aimedBurstShotCount>
                  <aiUseBurstMode>FALSE</aiUseBurstMode>
                  <aiAimMode>AimedShot</aiAimMode>
               </FireModes>
            </li>
			<!-- === Impact Sniper === -->
            <li Class="CombatExtended.PatchOperationMakeGunCECompatible">
               <defName>DV_ImpactSniper</defName>
               <statBases>
                  <SightsEfficiency>1.8</SightsEfficiency>
                  <ShotSpread>0.04</ShotSpread>
                  <SwayFactor>1.27</SwayFactor>
                  <Bulk>14.5</Bulk>
                  <Mass>5.6</Mass>
                  <RangedWeapon_Cooldown>0.68</RangedWeapon_Cooldown>
				  <NightVisionEfficiency_Weapon>0.6</NightVisionEfficiency_Weapon>
               </statBases>
               <Properties>
                  <recoilAmount>2.38</recoilAmount>
                  <verbClass>CombatExtended.Verb_ShootCE</verbClass>
                  <hasStandardCommand>true</hasStandardCommand>
                  <defaultProjectile>Bullet_ImpactShellsSniper</defaultProjectile>
                  <warmupTime>1.1</warmupTime>
                  <range>86</range>
                  <soundCast>Shot_ImpactSniper</soundCast>
                  <soundCastTail>GunTail_Heavy</soundCastTail>
                  <muzzleFlashScale>9</muzzleFlashScale>
                  <targetParams>
                     <canTargetLocations>true</canTargetLocations>
                  </targetParams>
               </Properties>
               <AmmoUser>
                  <magazineSize>10</magazineSize>
                  <reloadTime>5.5</reloadTime>
                  <ammoSet>AmmoSet_ImpactShellsSniper</ammoSet>
               </AmmoUser>
               <FireModes>
                  <aiUseBurstMode>FALSE</aiUseBurstMode>
                  <aiAimMode>AimedShot</aiAimMode>
               </FireModes>
			   <weaponTags>
            	  <li>Bipod_AMR</li>
          	   </weaponTags>
            </li>
         </operations>
      </match>
   </Operation>
</Patch>