<?xml version="1.0" encoding="UTF-8"?>
<Patch>
   <Operation Class="PatchOperationFindMod">
      <mods>
         <li>Impact Weaponry</li>
      </mods>
      <match Class="PatchOperationFindMod">
         <mods>
            <li>Athena Framework</li>
         </mods>
         <match Class="PatchOperationSequence">
            <operations>

               <li Class="PatchOperationReplace">
                  <xpath>Defs/ThingDef[defName = "DV_WarcasketGun_ImpactBolter"]/tools</xpath>
                  <value>
                     <tools>
                        <li Class="CombatExtended.ToolCE">
                           <label>barrel</label>
                           <capacities>
                              <li>Blunt</li>
                           </capacities>
                           <power>35</power>
                           <cooldownTime>2.44</cooldownTime>
                           <armorPenetrationBlunt>16</armorPenetrationBlunt>
                           <linkedBodyPartsGroup>Barrel</linkedBodyPartsGroup>
                        </li>
                     </tools>
                  </value>
               </li>

               <!-- === Bolter === -->
               <li Class="CombatExtended.PatchOperationMakeGunCECompatible">
                  <defName>DV_WarcasketGun_ImpactBolter</defName>
                  <statBases>
                     <SightsEfficiency>1</SightsEfficiency>
                     <ShotSpread>0.01</ShotSpread>
                     <SwayFactor>2.55</SwayFactor>
                     <Bulk>16.5</Bulk>
                     <Mass>59</Mass>
                     <RangedWeapon_Cooldown>0.42</RangedWeapon_Cooldown>
                  </statBases>
                  <Properties>
                     <recoilAmount>3.22</recoilAmount>
                     <verbClass>CombatExtended.Verb_ShootCE</verbClass>
                     <hasStandardCommand>true</hasStandardCommand>
                     <defaultProjectile>Bullet_ImpactShellsBolter</defaultProjectile>
                     <warmupTime>1.3</warmupTime>
                     <burstShotCount>5</burstShotCount>
                     <ticksBetweenBurstShots>12</ticksBetweenBurstShots>
                     <range>52</range>
                     <soundCast>Shot_Autocannon</soundCast>
                     <soundCastTail>GunTail_Heavy</soundCastTail>
                     <muzzleFlashScale>9</muzzleFlashScale>
                     <targetParams>
                        <canTargetLocations>true</canTargetLocations>
                     </targetParams>
                  </Properties>
                  <AmmoUser>
                     <magazineSize>40</magazineSize>
                     <reloadTime>6.2</reloadTime>
                     <ammoSet>AmmoSet_ImpactShellsBolter</ammoSet>
                  </AmmoUser>
                  <FireModes>
                     <aimedBurstShotCount>4</aimedBurstShotCount>
                     <aiUseBurstMode>FALSE</aiUseBurstMode>
                     <aiAimMode>AimedShot</aiAimMode>
                  </FireModes>
               </li>

            </operations>
         </match>
      </match>
   </Operation>
</Patch>